"ID";"Miesiąc i sugerowany tydzień";"Klaster tematyczny";"Rola w klastrze";"Kategoria sklepu";"Tytuł H1";"Title tag (≤ ok. 60 zn.)";"Proponowany slug";"Fraza główna";"Frazy wspierające / long-tail";"Pytania użytkowników do pokrycia";"Intencja i etap lejka";"Typ i format treści";"Encja główna + atrybuty EAV + encje powiązane";"Wyróżnik / information gain";"Linki do kategorii (URL → anchor)";"Linki wewnętrzne blog";"CTA / most do konwersji";"Sezonowość i uzasadnienie terminu";"Potencjał ruchu";"Konkurencyjność SERP";"Wartość biznesowa (1–5)";"Priorytet";"Ryzyko / ostrożność";"Sugerowana objętość + dane strukturalne";"Komentarz SEO"
"EF-2611-01";"XI 2026, tydz. 1 (ok. 03.11)";"K1 Świadomy zakup i dobór części";"Pillar";"Autoczęści (przekrojowo) > Filtry / Hamulce / Rozrząd";"Części oryginalne, OEM i zamienniki: czym się różnią i które wybrać do swojego auta?";"Części oryginalne, OEM czy zamienniki? Różnice i wybór";"czesci-oryginalne-oem-zamienniki";"części oryginalne a zamienniki";"co to jest OEM | część OE co to znaczy | oryginał czy zamiennik | części OEM a oryginalne | zamienniki części samochodowych jakość | oznaczenia części O Q P | czy zamiennik unieważnia gwarancję";"Czym różni się część OE od OEM? | Kiedy warto dopłacić do oryginału, a kiedy wystarczy zamiennik? | Czy montaż zamiennika unieważnia gwarancję auta? | Co oznaczają klasy części O, Q i P? | Jak sprawdzić, czy część jest oryginalna?";"Informacyjna – porównawcza / MOFU";"Pillar/kompendium; tabela porównawcza OE vs OEM vs zamiennik; infografika „kto produkuje część”; tabela „gdzie oszczędzać, gdzie nie”; FAQ";"Część oryginalna (OE) | A: producent, numer OE, oznaczenie marki auta, dopasowanie, trwałość, cena [relacja], gwarancja | Powiązane: OEM, zamiennik (aftermarket), numer katalogowy, klasy O/Q/P, rozporządzenie GVO, Renault, PSA";"Ta sama część (np. zestaw rozrządu 1.5 dCi) pokazana w wersji OE, OEM i zamiennik; uczciwa matryca decyzji wg typu części (bezpieczeństwo / eksploatacja / komfort)";"https://www.eurofrance.pl/autoczesci.html → części samochodowe do Twojego auta | https://www.eurofrance.pl/autoczesci/filtry.html → oryginalne filtry samochodowe | https://www.eurofrance.pl/autoczesci/uklad-hamulcowy/hamulce-tarczowe/klocki-hamulcowe.html → klocki hamulcowe | https://www.eurofrance.pl/autoczesci/silnik-i-osprzet/mechanizmy-rozrzadu/kompletne.html → kompletne zestawy rozrządu";"Linkuje do: EF-2612-05, EF-2701-05 (po publikacji) | Linki przychodzące: wszystkie wpisy K1 + wpisy z sekcją „jaką część wybrać”";"Zobacz części oryginalne do swojego modelu w kategoriach; w razie wątpliwości zapytaj doradcę EuroFrance (kanał kontaktu do potwierdzenia)";"Evergreen; publikacja otwierająca blog: wyznacza oś marki (nowe, oryginalne części)";"W (szac.)";"Ś (szac.)";"5";"P1 (wynik 4,0)";"Prawne: gwarancja a zamienniki (GVO), do weryfikacji prawnej";"2500–3500 słów; Article, BreadcrumbList, FAQPage";"[INTL] Pillar marki. Nie deprecjonować zamienników, bo sklep je też sprzedaje. Ton: doradca, nie sprzedawca. Opcjonalnie cytat eksperta EuroFrance (doświadczenie od 1997 r.). Rozbudowywać co roku zamiast pisać bliźniacze teksty."
"EF-2611-02";"XI 2026, tydz. 1–2 (ok. 06.11)";"K8 Elektryka, rozruch i ładowanie";"Pillar";"Układ elektryczny > Akumulatory; Silnik i osprzęt > Rozrusznik / Układ zapłonowy > Świece żarowe";"Samochód nie odpala: najczęstsze przyczyny i jak je sprawdzić krok po kroku";"Samochód nie odpala? Przyczyny i diagnoza krok po kroku";"samochod-nie-odpala-przyczyny";"samochód nie odpala";"auto nie odpala zimą | rozrusznik kręci ale nie odpala | diesel nie odpala na mrozie | klikanie przy odpalaniu | kontrolki świecą a auto nie odpala | nie odpala po nocy";"Jak odróżnić winę akumulatora od rozrusznika? | Co oznacza klikanie przy przekręceniu kluczyka? | Dlaczego diesel nie odpala na mrozie? | Jak bezpiecznie odpalić auto z kabli? | Kiedy wezwać pomoc drogową?";"Informacyjna – diagnostyczna / TOFU";"Pillar; drzewo decyzyjne (schemat) objaw → podejrzana część → jak sprawdzić; tabela objawów; ramka bezpieczeństwa (kable rozruchowe); FAQ";"Rozruch silnika | A: objawy (brak reakcji, klikanie, kręci i nie łapie), przyczyny, napięcie akumulatora [V], temperatura, typ silnika (benzyna/diesel) | Powiązane: akumulator, rozrusznik, świeca żarowa, pompa paliwa, immobilizer, karta Renault";"Schemat decyzyjny zamiast listy przyczyn; osobne ścieżki benzyna/diesel; sekcja o specyfice aut francuskich (karta Renault, immobilizer PSA)";"https://www.eurofrance.pl/autoczesci/uklad-elektryczny/akumulatory.html → akumulatory samochodowe | https://www.eurofrance.pl/autoczesci/silnik-i-osprzet/rozrusznik.html → rozruszniki | https://www.eurofrance.pl/autoczesci/silnik-i-osprzet/uklad-zaplonowy/swiece-zarowe.html → świece żarowe | https://www.eurofrance.pl/autoczesci/uklad-elektryczny/stacyjki-czytniki-kart.html → stacyjki i czytniki kart";"Linkuje do: EF-2611-05, EF-2612-02 | Zaktualizować: po publikacji EF-2612-02 dodać tam link zwrotny";"Zdiagnozowałeś winowajcę? Sprawdź akumulatory, rozruszniki i świece żarowe do swojego modelu";"Szczyt XII–I (mrozy); publikacja na początku listopada, przed pierwszymi przymrozkami";"W (szac.)";"W (szac.)";"4";"P1 (wynik 3,4)";"Merytoryczne: instrukcja odpalania z kabli (bezpieczeństwo, elektronika)";"2000–3000 słów; Article, BreadcrumbList, FAQPage";"Fraza główna bardzo konkurencyjna; realny ruch z long-taili (klikanie, mróz, diesel). Pillar wyjątkowo P1 mimo niższego wyniku. Schemat decyzyjny jako grafika SVG, łatwo cytowalny przez AI."
"EF-2611-03";"XI 2026, tydz. 2 (ok. 13.11)";"K6 Chłodzenie, ogrzewanie i klimatyzacja";"Cluster";"Ogrzewanie, wentylacja, klimatyzacja > Ogrzewanie i wentylacja > Nagrzewnice";"Nagrzewnica nie grzeje? Najczęstsze przyczyny zimnego nawiewu i jak je sprawdzić";"Nagrzewnica nie grzeje – przyczyny zimnego nawiewu";"nagrzewnica-nie-grzeje-przyczyny";"nagrzewnica nie grzeje";"zimne powietrze z nawiewu | ogrzewanie w samochodzie nie działa | zapowietrzony układ chłodzenia | termostat objawy zimą | zatkana nagrzewnica objawy | grzeje tylko z jednej strony";"Dlaczego z nawiewu leci zimne powietrze? | Jak sprawdzić, czy nagrzewnica jest zatkana? | Czy winny może być termostat? | Płukanie czy wymiana nagrzewnicy? | Dlaczego grzeje tylko po jednej stronie kabiny?";"Informacyjna – diagnostyczna / TOFU";"Poradnik diagnostyczny; tabela objaw → przyczyna → część; test „dwóch węży”; FAQ";"Nagrzewnica | A: funkcja, objawy zapchania, przyczyny (termostat, zapowietrzenie, pompa wody, klapki), naprawa vs wymiana | Powiązane: termostat, pompa wody, płyn chłodniczy, zawór nagrzewnicy, silniczek klapki, dmuchawa";"Prosty test temperatury węży nagrzewnicy; rozróżnienie „brak ciepła” vs „brak nawiewu” (dmuchawa/rezystor), z odesłaniem do właściwych części";"https://www.eurofrance.pl/autoczesci/ogrzewanie-wentylacja-klimatyzacja/ogrzewanie-wentylacja/nagrzewnice.html → nagrzewnice | https://www.eurofrance.pl/autoczesci/chlodzenie-silnika/termostaty-obudowy-termostatow-krocce.html → termostaty | https://www.eurofrance.pl/autoczesci/ogrzewanie-wentylacja-klimatyzacja/ogrzewanie-wentylacja/zawory-nagrzewnic.html → zawory nagrzewnicy | https://www.eurofrance.pl/autoczesci/ogrzewanie-wentylacja-klimatyzacja/ogrzewanie-wentylacja/rezystory-dmuchawy-opornice.html → rezystory dmuchawy";"Linkuje do: EF-2611-02 (zima) | Zaktualizować: pillar K6 (luty 2027) ma linkować tutaj, a ten wpis do pillara";"Znalazłeś przyczynę? Nagrzewnice, termostaty i zawory do Twojego modelu";"Szczyt XII–I; cluster przed pillarem K6 (wyjątek sezonowy, pillar w lutym)";"Ś-W (szac.)";"Ś (szac.)";"3";"P2 (wynik 3,4)";"Brak (uwaga: gorący płyn chłodniczy, odkręcanie korka tylko na zimnym silniku)";"1500–2200 słów; Article, BreadcrumbList, FAQPage";"Wyjątek od zasady „pillar przed clusterem”: okno sezonowe ważniejsze. Grafika: schemat obiegu płynu przez nagrzewnicę."
"EF-2611-04";"XI 2026, tydz. 3 (ok. 20.11)";"K9 Silnik: diagnostyka, emisja i układ paliwowy";"Support";"Silnik i osprzęt > Recyrkulacja spalin EGR; Układ paliwowy > Filtry cząstek stałych FAP";"„Anti-pollution défaillant” w Peugeocie i Citroënie: co oznacza komunikat i co robić?";"Anti-pollution défaillant – co oznacza? Peugeot, Citroën";"anti-pollution-defaillant-peugeot-citroen";"anti pollution defaillant";"anti pollution peugeot | system antipollution défaillant citroen | anti pollution faulty peugeot 308 | kontrolka anti pollution peugeot 207 | anti pollution citroen c4 | anti pollution FAP";"Czy można jeździć z tym komunikatem? | Jakie są najczęstsze przyczyny w dieslu, a jakie w benzynie? | Czy winny jest FAP albo zawór EGR? | Jak skasować komunikat i dlaczego samo kasowanie nie wystarczy? | Czym różni się od komunikatu „Défaillance moteur”?";"Informacyjna – diagnostyczna / TOFU";"Poradnik do komunikatu; tabela model/silnik → typowa przyczyna; ramka „jechać / ograniczyć / stop”; FAQ";"Komunikat „anti-pollution défaillant” (PSA) | A: znaczenie, przyczyny (EGR, FAP, sonda lambda, cewka zapłonowa, czujnik NOx/AdBlue), tryb awaryjny, diagnostyka OBD | Powiązane: Peugeot 207/308/3008, Citroën C3/C4/Berlingo, FAP, EGR, cewka zapłonowa, sonda lambda";"Luka po polsku (TOP wyników francuskojęzyczny); tabela przyczyn wg silnika; tłumaczenie komunikatów PL/FR/EN";"https://www.eurofrance.pl/autoczesci/silnik-i-osprzet/recyrkulacja-spalin-egr/zawory-egr.html → zawory EGR | https://www.eurofrance.pl/autoczesci/uklad-paliwowy/filtry-czastek-stalych-fap-czujniki.html → filtry cząstek stałych FAP i czujniki | https://www.eurofrance.pl/autoczesci/uklad-wydechowy/tlumiki-rury-mocowania-poduszki/sonda-lambda.html → sondy lambda | https://www.eurofrance.pl/autoczesci/silnik-i-osprzet/uklad-zaplonowy/cewki-zaplonowe.html → cewki zapłonowe";"Linkuje do: EF-2612-01 (po publikacji), EF-2701-03 | Zaktualizować: EF-2612-01 i EF-2701-03 mają linkować tutaj";"Po diagnozie sprawdź zawory EGR, filtry FAP, sondy lambda i cewki do swojego Peugeota lub Citroëna";"Evergreen; zimą więcej zgłoszeń (krótkie trasy → FAP/EGR); szybka wygrana dla nowego bloga";"Ś (szac.)";"N (szac.)";"4";"P1 (wynik 4,0)";"Merytoryczne: przyczyny zależne od silnika; nie obiecywać „kasowania” bez usunięcia usterki";"1500–2200 słów; Article, BreadcrumbList, FAQPage";"[INTL] Quick win: publikacja przed pillarem K9 (wyjątek). Zweryfikować dokładne brzmienie komunikatu w polskiej wersji językowej aut (PL/FR). Kandydat do cytowania przez AI dzięki tabeli."
"EF-2611-05";"XI 2026, tydz. 4 (ok. 27.11)";"K7 Elektronika samochodowa";"Support";"Układ elektryczny > Stacyjki, czytniki kart";"Karta Renault nie wykryta: przyczyny i co zrobić, żeby uruchomić auto";"Karta Renault nie wykryta – przyczyny i rozwiązania";"karta-renault-nie-wykryta";"karta renault nie wykryta";"karta nie wykryta megane | karta renault nie działa | czytnik karty renault objawy | wymiana baterii w karcie renault | zapasowa karta renault | renault scenic nie odpala karta";"Co zrobić, gdy auto nie wykrywa karty? | Winna bateria w karcie, czytnik czy moduł UCH? | Jak uruchomić Renault z rozładowaną kartą? | Czy nową kartę trzeba zaprogramować? | Ile kosztuje nowa karta (widełki)?";"Informacyjna – diagnostyczna / TOFU";"Poradnik problem → rozwiązanie; checklista krok po kroku; tabela modeli z kartą; FAQ";"Karta Renault (karta startowa / hands-free) | A: typ (w czytniku / hands-free), bateria, czytnik, moduł UCH, objawy awarii, programowanie | Powiązane: czytnik kart, UCH, immobilizer, Megane II/III, Scenic, Laguna, Clio";"Rozdzielenie objawów karta vs czytnik vs UCH; lista modeli z kartą; procedura awaryjnego uruchomienia z instrukcji producenta";"https://www.eurofrance.pl/autoczesci/uklad-elektryczny/stacyjki-czytniki-kart.html → czytniki kart Renault | https://www.eurofrance.pl/autoczesci/uklad-elektryczny/sterowniki-komputery.html → moduły i sterowniki (UCH) | https://www.eurofrance.pl/autoczesci/czesci-karoserii/klamki-przyciski-otwierania-czujniki-hands-free.html → klamki i czujniki hands-free";"Linkuje do: EF-2611-02, EF-2612-04 (po publikacji) | Zaktualizować: EF-2611-02 linkuje tutaj";"Uszkodzony czytnik lub moduł? Sprawdź czytniki kart i sterowniki do Renault; dobór po numerze części (do potwierdzenia)";"Evergreen; zimą więcej przypadków (słabe baterie); szybka wygrana";"Ś-W (szac.)";"N (szac.)";"4";"P1 (wynik 4,3)";"Prawne/Merytoryczne: programowanie kart tylko w serwisie; bez treści o obchodzeniu immobilizera";"1200–1800 słów; Article, BreadcrumbList, FAQPage";"[INTL] Perełka z niszowej kategorii. Typ baterii i procedurę awaryjną zweryfikować w instrukcjach Renault dla modeli. Dużo wariantów modelowych = dużo long-taili."
"EF-2612-01";"XII 2026, tydz. 1 (ok. 02.12)";"K9 Silnik: diagnostyka, emisja i układ paliwowy";"Pillar";"Silnik i osprzęt > Czujniki / Recyrkulacja spalin EGR / Układ zapłonowy";"Kontrolka silnika i komunikaty usterek w Renault, Peugeot i Citroën: co oznaczają i co robić";"Kontrolka silnika w Renault i PSA – co oznacza, co robić";"kontrolka-silnika-komunikaty-renault-peugeot-citroen";"kontrolka silnika";"kontrolka silnika świeci na pomarańczowo | kontrolka silnika miga | check injection renault | défaillance moteur peugeot | tryb awaryjny silnika | kody błędów OBD";"Czy mogę jechać, gdy świeci kontrolka silnika? | Czym różni się świecenie ciągłe od migania? | Co oznacza „Check injection” w Renault? | Co oznacza „Défaillance moteur” w PSA? | Jak odczytać kod błędu OBD?";"Informacyjna – diagnostyczna / TOFU";"Pillar; słownik komunikatów PSA/Renault (PL/FR/EN); tabela pilności (jechać / ograniczyć / stop); FAQ";"Kontrolka silnika (MIL) | A: kolor, tryb (ciągła/migająca), przyczyny, pilność, diagnostyka OBD2, kody P | Powiązane: OBD2, tryb awaryjny, EGR, FAP, cewka zapłonowa, sonda lambda, „Check injection”, „anti-pollution défaillant”";"Jedyny polski słownik komunikatów aut francuskich z tabelą pilności; spina wszystkie wpisy diagnostyczne K9";"https://www.eurofrance.pl/autoczesci/silnik-i-osprzet/czujniki.html → czujniki silnika | https://www.eurofrance.pl/autoczesci/silnik-i-osprzet/uklad-zaplonowy/cewki-zaplonowe.html → cewki zapłonowe | https://www.eurofrance.pl/autoczesci/silnik-i-osprzet/recyrkulacja-spalin-egr.html → układ recyrkulacji spalin EGR | https://www.eurofrance.pl/autoczesci/uklad-elektryczny/sterowniki-komputery.html → sterowniki silnika";"Linkuje do: EF-2611-04, EF-2701-03 | Zaktualizować: EF-2611-04 dodać link do pillara";"Znasz już kod błędu? Sprawdź czujniki, cewki i elementy EGR do swojego modelu";"Evergreen; pillar K9 wyznaczający strukturę klastra";"W (szac.)";"W (szac.)";"4";"P1 (wynik 3,2)";"Bezpieczeństwo/Merytoryczne: migająca kontrolka = natychmiast ograniczyć jazdę";"3000–4000 słów; Article, BreadcrumbList, FAQPage";"[INTL] Fraza ogólna bardzo konkurencyjna; celujemy w warianty markowe i komunikaty. Pillar rozbudowywany o kolejne komunikaty w ciągu roku."
"EF-2612-02";"XII 2026, tydz. 2 (ok. 07.12)";"K8 Elektryka, rozruch i ładowanie";"Cluster";"Silnik i osprzęt > Układ zapłonowy > Świece żarowe";"Świece żarowe: objawy zużycia, jak je sprawdzić i kiedy wymienić przed mrozami";"Świece żarowe: objawy zużycia i kiedy wymienić";"swiece-zarowe-objawy-zuzycia";"świece żarowe objawy";"jak sprawdzić świece żarowe | kontrolka świec żarowych miga | diesel trudno odpala na zimno | przekaźnik świec żarowych | co ile wymieniać świece żarowe | świece żarowe 1.5 dCi";"Po czym poznać zużyte świece żarowe? | Jak sprawdzić świece żarowe miernikiem? | Czy wymieniać wszystkie naraz? | Dlaczego świeca może urwać się przy wykręcaniu? | Co jeszcze utrudnia rozruch diesla zimą?";"Informacyjna – diagnostyczna / TOFU";"Poradnik diagnostyczny; tabela objawów; ramka ostrzegawcza (urwanie świecy); FAQ";"Świeca żarowa | A: funkcja, czas żarzenia, objawy zużycia, test (rezystancja), interwał wymiany, ryzyko urwania | Powiązane: przekaźnik/sterownik świec, diesel, 1.5 dCi, 1.6 HDi, akumulator, rozruch";"Ostrzeżenie o kosztach urwania świecy w głowicy + zasady bezpiecznego wykręcania; odniesienie do popularnych diesli Renault/PSA";"https://www.eurofrance.pl/autoczesci/silnik-i-osprzet/uklad-zaplonowy/swiece-zarowe.html → świece żarowe | https://www.eurofrance.pl/autoczesci/uklad-elektryczny/przekazniki.html → przekaźniki świec żarowych | https://www.eurofrance.pl/autoczesci/uklad-elektryczny/akumulatory.html → akumulatory";"Linkuje do: EF-2611-02 | Zaktualizować: EF-2611-02 linkuje tutaj";"Wymieniasz świece? Sprawdź komplet świec żarowych i przekaźnik do swojego silnika";"Szczyt mrozów XII–II; publikacja przed pierwszymi silnymi mrozami";"Ś-W (szac.)";"Ś-W (szac.)";"3";"P2 (wynik 3,1)";"Merytoryczne: wymiana świec w wielu dieslach to zadanie dla warsztatu (ryzyko urwania)";"1500–2000 słów; Article, BreadcrumbList, FAQPage";"Wpis sezonowy wspierający pillar K8. Wartości rezystancji i interwały podawać jako orientacyjne, zależne od silnika."
"EF-2612-03";"XII 2026, tydz. 2–3 (ok. 10.12)";"K2 Rozrząd i napęd pasowy";"Pillar";"Silnik i osprzęt > Mechanizmy rozrządu; Chłodzenie silnika > Pompy wody";"Rozrząd w samochodzie: pasek czy łańcuch, kiedy wymieniać i co wymienić razem";"Rozrząd: pasek czy łańcuch, kiedy wymienić i co razem";"rozrzad-pasek-lancuch-kiedy-wymieniac";"wymiana rozrządu";"co ile wymieniać rozrząd | pasek czy łańcuch rozrządu | co wymienić przy rozrządzie | objawy zużytego paska rozrządu | zestaw rozrządu z pompą wody | zerwany pasek rozrządu skutki";"Co ile kilometrów wymieniać pasek rozrządu? | Czy łańcuch rozrządu też trzeba wymieniać? | Dlaczego pompę wody wymienia się razem z rozrządem? | Co się stanie, gdy pasek się zerwie? | Jak sprawdzić, czy mój silnik ma pasek czy łańcuch?";"Informacyjna – poradnikowa / MOFU";"Pillar; tabela popularnych silników Renault/PSA/Dacia (pasek/łańcuch, orientacyjny interwał, pompa wody w zestawie); schemat elementów rozrządu; FAQ";"Rozrząd | A: typ napędu (pasek / łańcuch / pasek w oleju), interwał [km/lata], elementy zestawu, objawy zużycia, skutki zerwania, koszt [widełki] | Powiązane: pasek rozrządu, łańcuch, napinacz, rolka, pompa wody, wałek rozrządu, 1.5 dCi, 1.2 PureTech, 1.6 HDi";"Tabela silników francuskich z interwałami wg zaleceń producenta (do weryfikacji); „co wymienić razem” jako checklista zakupowa";"https://www.eurofrance.pl/autoczesci/silnik-i-osprzet/mechanizmy-rozrzadu/kompletne.html → zestawy rozrządu | https://www.eurofrance.pl/autoczesci/silnik-i-osprzet/mechanizmy-rozrzadu/paski-i-lancuchy-rozrzadu.html → paski i łańcuchy rozrządu | https://www.eurofrance.pl/autoczesci/silnik-i-osprzet/mechanizmy-rozrzadu/napinacze-i-rolki.html → napinacze i rolki | https://www.eurofrance.pl/autoczesci/chlodzenie-silnika/pompy-wody.html → pompy wody";"Linkuje do: EF-2701-02 (po publikacji), EF-2611-01 | Linki przychodzące: wszystkie wpisy K2";"Kompletuj rozrząd bez ryzyka: zestawy z pompą wody i oryginalne elementy do Twojego silnika";"Evergreen; pillar K2 przed clusterami (PureTech w styczniu)";"W (szac.)";"W (szac.)";"5";"P1 (wynik 3,6)";"Merytoryczne: interwały wyłącznie wg producenta; wymiana DIY ryzykowna (błąd = uszkodzenie silnika)";"3000–4000 słów; Article, BreadcrumbList, FAQPage";"Tabela interwałów to największa wartość i największe ryzyko: każdą pozycję zweryfikować w danych producenta. Kandydat do cytowania przez AI."
"EF-2612-04";"XII 2026, tydz. 3 (ok. 15.12)";"K7 Elektronika samochodowa";"Pillar";"Układ elektryczny > Sterowniki, komputery; Układ hamulcowy > Pompy hamulcowe ABS/ESP";"Sterowniki w samochodzie (ECU, BSI, UCH, ABS): jak działają, co się psuje i co z kodowaniem po wymianie";"Sterownik silnika, BSI, ABS – awarie i kodowanie po wymianie";"sterowniki-samochodowe-ecu-bsi-abs";"sterownik silnika";"komputer silnika objawy uszkodzenia | wymiana sterownika silnika kodowanie | czy sterownik trzeba kodować | BSI co to jest | UCH Renault | moduł ABS awaria | naprawa czy wymiana sterownika";"Jakie są objawy uszkodzonego sterownika silnika? | Czy nowy sterownik trzeba zakodować? | Co to jest BSI w Peugeocie i Citroënie, a co UCH w Renault? | Naprawa czy wymiana sterownika? | Jak dobrać sterownik: numer części i oprogramowania?";"Informacyjna – poradnikowa / MOFU";"Pillar; mapa sterowników w aucie (grafika); jak odczytać etykietę (HW/SW); tabela „który moduł zwykle wymaga kodowania”; FAQ";"Sterownik silnika (ECU) | A: funkcja, numer sprzętu (HW) i oprogramowania (SW), objawy awarii, przyczyny (wilgoć, przepięcia), adaptacja/kodowanie, immobilizer | Powiązane: BSI (PSA), UCH (Renault), moduł ABS/ESP, immobilizer, wiązka elektryczna";"Praktyka doboru po numerach z etykiety (zdjęcia z magazynu, opcjonalnie); jedno miejsce wyjaśniające ECU/BSI/UCH/ABS";"https://www.eurofrance.pl/autoczesci/uklad-elektryczny/sterowniki-komputery.html → sterowniki i komputery samochodowe | https://www.eurofrance.pl/autoczesci/uklad-hamulcowy/pompy-hamulcowe-abs-esp.html → pompy i moduły ABS/ESP | https://www.eurofrance.pl/autoczesci/silnik-i-osprzet/obudowy-komputera.html → obudowy komputera | https://www.eurofrance.pl/autoczesci/uklad-elektryczny/instalacje-wiazki.html → instalacje i wiązki";"Linkuje do: EF-2611-05, EF-2701-04 (po publikacji) | Zaktualizować: EF-2611-05 linkuje tutaj";"Szukasz sterownika? Dobierz go po numerze z etykiety; w razie wątpliwości zapytaj doradcę (kanał do potwierdzenia)";"Evergreen; strategiczny kierunek firmy (elektronika od 2015 r.)";"Ś-W (szac.)";"Ś (szac.)";"5";"P1 (wynik 4,0)";"Prawne: kodowanie i immobilizer tylko w serwisie, bez obchodzenia zabezpieczeń";"3000–3500 słów; Article, BreadcrumbList, FAQPage";"[INTL] Temat dla wszystkich marek (VW/Audi/BMW jako przykłady obok PSA/Renault). Konkurencja to głównie fora, więc szansa na lidera tematu."
"EF-2612-05";"XII 2026, tydz. 3–4 (ok. 18.12)";"K1 Świadomy zakup i dobór części";"Cluster";"Autoczęści (przekrojowo)";"Jak znaleźć numer części (OE) do swojego auta: VIN, katalog, tabliczka i sama część";"Numer OE części – jak go znaleźć po VIN i na części";"jak-znalezc-numer-oe-czesci";"numer OE części";"jak sprawdzić numer części po VIN | numer katalogowy części samochodowej | gdzie jest numer VIN | numer części Renault | numer części Peugeot | katalog części po VIN";"Co to jest numer OE i czym różni się od numeru producenta zamiennika? | Gdzie znaleźć VIN w dowodzie i w aucie? | Czy po VIN zawsze dobiorę właściwą część? | Gdzie na części szukać numeru? | Co zrobić, gdy numer się zmienił (numery zastępcze)?";"Informacyjna – dobór części / BOFU-informacyjny";"Poradnik krok po kroku; zdjęcia etykiet i miejsc numerów; tabela formatów numerów Renault/PSA; FAQ";"Numer OE (numer katalogowy producenta auta) | A: format wg marki, źródło (VIN, katalog, etykieta), numery zastępcze (supersesja) | Powiązane: VIN, katalog części, tabliczka znamionowa, kod silnika, OEM, zamiennik";"Formaty numerów Renault i PSA ze zdjęciami; wyjaśnienie numerów zastępczych, które najczęściej mylą kupujących";"https://www.eurofrance.pl/autoczesci.html → katalog części samochodowych | https://www.eurofrance.pl/autoczesci/filtry.html → filtry dobrane po numerze części | https://www.eurofrance.pl/autoczesci/uklad-elektryczny/sterowniki-komputery.html → sterowniki (dobór po numerze części)";"Linkuje do: EF-2611-01, EF-2612-04 | Zaktualizować: EF-2611-01 linkuje tutaj";"Masz numer OE? Wyszukaj część w sklepie (wyszukiwanie po numerze do potwierdzenia) lub skontaktuj się z doradcą";"Evergreen; ruch rośnie w okresach napraw (jesień, wiosna)";"Ś (szac.)";"Ś (szac.)";"5";"P1 (wynik 3,8)";"Merytoryczne: formaty numerów do weryfikacji w katalogach producentów";"1800–2500 słów; Article, BreadcrumbList, FAQPage";"[INTL] Najbliżej konwersji w K1. Potwierdzić z klientem, czy sklep ma wyszukiwarkę po numerze OE i dobór po VIN, bo od tego zależy CTA."
"EF-2701-01";"I 2027, tydz. 1 (ok. 05.01)";"K3 Sprzęgło, dwumasa i skrzynia biegów";"Pillar";"Układ napędowy > Sprzęgła";"Sprzęgło i koło dwumasowe: budowa, objawy zużycia i kiedy wymienić";"Sprzęgło i dwumasa – objawy zużycia i kiedy wymienić";"sprzeglo-kolo-dwumasowe-objawy-wymiana";"objawy zużytego sprzęgła";"objawy uszkodzonego koła dwumasowego | sprzęgło ślizga się | wymiana sprzęgła z kołem dwumasowym | łożysko oporowe objawy | twarde sprzęgło | ile wytrzymuje dwumasa | koło jednomasowe zamiast dwumasy";"Jak odróżnić zużyte sprzęgło od uszkodzonej dwumasy? | Czy dwumasę wymieniać razem ze sprzęgłem? | Czy można zamienić dwumasę na koło jednomasowe? | Ile wytrzymuje sprzęgło? | Które silniki Renault i PSA mają dwumasę?";"Informacyjna – diagnostyczna / MOFU";"Pillar; tabela objaw → sprzęgło / dwumasa / łożysko / poduszki silnika; schemat budowy; FAQ";"Koło dwumasowe | A: funkcja (tłumienie drgań), budowa, objawy, żywotność [zależna od stylu jazdy], przyczyny awarii, konwersja na jednomasę | Powiązane: tarcza, docisk, łożysko oporowe, wysprzęglik, 1.5 dCi, 2.0 HDi, 1.6 HDi";"Tabela różnicowa objawów (sprzęgło vs dwumasa vs poduszki), której brakuje w TOP 10; przykłady silników francuskich";"https://www.eurofrance.pl/autoczesci/uklad-napedowy/sprzegla/kola-dwumasowe.html → koła dwumasowe | https://www.eurofrance.pl/autoczesci/uklad-napedowy/sprzegla/kompletne-zestawy.html → zestawy sprzęgła | https://www.eurofrance.pl/autoczesci/uklad-napedowy/sprzegla/lozyska-oporowe.html → łożyska oporowe | https://www.eurofrance.pl/autoczesci/uklad-napedowy/sprzegla/silowniki-sprzegla.html → siłowniki sprzęgła";"Linkuje do: EF-2611-01 | Linki przychodzące: wszystkie wpisy K3";"Wymieniasz sprzęgło? Kompletny zestaw z dwumasą i łożyskiem do Twojego silnika";"Evergreen; pillar K3 otwierający klaster przed wiosną";"W (szac.)";"W (szac.)";"5";"P1 (wynik 3,6)";"Merytoryczne: konwersja na koło jednomasowe (ryzyka, zalecenia producenta)";"3000–3500 słów; Article, BreadcrumbList, FAQPage";"SERP nasycony (Deler, InCar, Ceneo, Sprzegla24): wygrywamy tabelą różnicową i kątem francuskim, nie długością. Wymaga cytatu eksperta (opcjonalnie)."
"EF-2701-02";"I 2027, tydz. 2 (ok. 12.01)";"K2 Rozrząd i napęd pasowy";"Cluster";"Silnik i osprzęt > Mechanizmy rozrządu > Paski i łańcuchy rozrządu";"Pasek rozrządu w oleju w silniku 1.2 PureTech: problemy, objawy i co robić";"1.2 PureTech: pasek rozrządu w oleju – objawy i wymiana";"1-2-puretech-pasek-rozrzadu-w-oleju";"1.2 puretech pasek rozrządu";"puretech pasek w oleju problem | puretech wymiana paska co ile | puretech spadek ciśnienia oleju | jaki olej do 1.2 puretech | peugeot 208 1.2 puretech rozrząd | citroen c3 puretech pasek";"Dlaczego pasek w oleju w PureTech się degraduje? | Jakie są objawy zużycia paska? | Co ile wymieniać pasek w 1.2 PureTech? | Jaki olej stosować? | Czy da się sprawdzić stan paska bez rozbierania silnika?";"Informacyjna – diagnostyczna / MOFU";"Poradnik problemowy; lista modeli z silnikiem 1.2 PureTech; checklista objawów; FAQ";"Silnik 1.2 PureTech (EB2) | A: pasek rozrządu w kąpieli olejowej, interwał (zmieniany przez producenta), objawy (kontrolka ciśnienia oleju, problemy ze wspomaganiem hamulców), zalecany olej | Powiązane: Peugeot 208/2008/308, Citroën C3/C4, Opel (Stellantis), pompa oleju, smok olejowy, pompa podciśnienia";"Aktualne zalecenia producenta (weryfikacja przed publikacją) + lista modeli + objawy, które trzeba traktować jako alarm";"https://www.eurofrance.pl/autoczesci/silnik-i-osprzet/mechanizmy-rozrzadu/paski-i-lancuchy-rozrzadu.html → paski rozrządu | https://www.eurofrance.pl/autoczesci/silnik-i-osprzet/mechanizmy-rozrzadu/kompletne.html → zestaw rozrządu do 1.2 PureTech | https://www.eurofrance.pl/autoczesci/silnik-i-osprzet/smarowanie-silnika/pompy-oleju.html → pompy oleju | https://www.eurofrance.pl/autoczesci/silnik-i-osprzet/pompy-podcisnienieniowe.html → pompy podciśnieniowe";"Linkuje do: EF-2612-03 | Zaktualizować: EF-2612-03 linkuje tutaj";"Zaplanuj wymianę: oryginalny zestaw rozrządu do 1.2 PureTech";"Evergreen; bardzo wysoki popyt ze względu na znany problem silnika";"W (szac.)";"Ś (szac.)";"5";"P1 (wynik 4,2)";"Bezpieczeństwo/Merytoryczne: możliwy wpływ na wspomaganie hamulców; zalecenia producenta się zmieniają (data aktualizacji w treści)";"2000–2800 słów; Article, BreadcrumbList, FAQPage";"[INTL] Temat typu „must have” dla sklepu z częściami PSA. Treść wymaga regularnych aktualizacji (zaznaczyć datę). Nie formułować oskarżeń wobec producenta; trzymać się faktów i zaleceń."
"EF-2701-03";"I 2027, tydz. 3 (ok. 15.01)";"K9 Silnik: diagnostyka, emisja i układ paliwowy";"Cluster";"Układ paliwowy > Filtry cząstek stałych FAP, czujniki";"Zapchany filtr DPF (FAP): objawy, wypalanie i jak jeździć zimą w mieście, żeby go nie zapchać";"Zapchany DPF/FAP – objawy, wypalanie i jak mu zapobiec";"zapchany-filtr-dpf-fap-objawy-wypalanie";"zapchany filtr DPF objawy";"wypalanie DPF jak jeździć | FAP Peugeot płyn Eolys | regeneracja filtra cząstek stałych | DPF krótkie trasy | czyszczenie DPF czy wymiana | kontrolka DPF";"Po czym poznać zapchany DPF? | Jak przeprowadzić wypalanie w trasie? | Czym jest płyn dodatku FAP (Eolys) w PSA i kiedy go uzupełnić? | Czyszczenie czy wymiana filtra? | Czy usunięcie DPF jest legalne i czym grozi?";"Informacyjna – diagnostyczna / TOFU";"Poradnik diagnostyczny + profilaktyka; tabela rodzajów regeneracji; ramka prawna; FAQ";"Filtr cząstek stałych (DPF/FAP) | A: funkcja, regeneracja (pasywna/aktywna/wymuszona), objawy zapchania, dodatek (Eolys w PSA), czyszczenie vs wymiana, legalność | Powiązane: czujnik różnicy ciśnień, EGR, olej o niskiej zawartości popiołów, 1.6 HDi, 2.0 HDi, 1.5 dCi";"Sekcja o FAP z dodatkiem w PSA (zbiornik, płyn), unikalna dla aut francuskich; jasna ramka o legalności";"https://www.eurofrance.pl/autoczesci/uklad-paliwowy/filtry-czastek-stalych-fap-czujniki.html → filtry cząstek stałych DPF/FAP | https://www.eurofrance.pl/autoczesci/uklad-paliwowy/benzyna-diesel/czesci-zbiornika-zbiorniki-fap-wlewy-paliwa.html → zbiorniki płynu FAP | https://www.eurofrance.pl/autoczesci/silnik-i-osprzet/recyrkulacja-spalin-egr/zawory-egr.html → zawory EGR";"Linkuje do: EF-2612-01, EF-2611-04 | Zaktualizować: EF-2612-01 i EF-2611-04 linkują tutaj";"Filtr do wymiany? Sprawdź filtry DPF/FAP, czujniki różnicy ciśnień i zbiorniki dodatku do swojego diesla";"Zima: krótkie trasy i niskie temperatury zwiększają problem; publikacja w środku sezonu";"W (szac.)";"Ś-W (szac.)";"4";"P2 (wynik 3,6)";"Prawne: usuwanie DPF niedozwolone; tylko konsekwencje i legalne alternatywy (weryfikacja przepisów)";"2200–3000 słów; Article, BreadcrumbList, FAQPage";"[INTL] Nie publikować instrukcji usuwania ani „programowego wyłączenia” DPF. Przepisy dotyczące kontroli na stacji diagnostycznej zweryfikować przed publikacją."
"EF-2701-04";"I 2027, tydz. 4 (ok. 21.01)";"K7 Elektronika samochodowa";"Cluster";"Układ elektryczny > Sterowniki, komputery";"BSI w Peugeocie i Citroënie: co to jest, objawy awarii i co przy wymianie";"BSI Peugeot i Citroën – objawy awarii i wymiana modułu";"bsi-peugeot-citroen-objawy-awarii";"BSI peugeot";"BSI citroen objawy | co to jest BSI | BSI awaria objawy | reset BSI | wymiana BSI kodowanie | gdzie jest BSI";"Czym jest BSI? | Jakie są objawy uszkodzonej BSI? | Jak wykonać reset BSI? | Czy nową BSI trzeba zakodować? | Gdzie znajduje się BSI w popularnych modelach?";"Informacyjna – diagnostyczna / TOFU";"Poradnik encyjny; słownik pojęć PSA (BSI, BSM, sieci CAN/VAN); tabela objawów; FAQ";"BSI (Boîtier de Servitude Intelligent) | A: funkcja (centralny moduł elektroniki nadwozia), lokalizacja, objawy awarii, przyczyny (wilgoć, przekaźniki), reset, kodowanie | Powiązane: PSA, Peugeot 206/307/407, Citroën C4/C5/Berlingo, bezpieczniki, immobilizer, magistrala CAN/VAN";"Słownik elektroniki PSA po polsku; rozróżnienie usterek BSI od usterek bezpieczników i przekaźników (oszczędza pieniądze)";"https://www.eurofrance.pl/autoczesci/uklad-elektryczny/sterowniki-komputery.html → moduły BSI i sterowniki | https://www.eurofrance.pl/autoczesci/uklad-elektryczny/skrzynka-bezpiecznikow.html → skrzynki bezpieczników | https://www.eurofrance.pl/autoczesci/uklad-elektryczny/przekazniki.html → przekaźniki";"Linkuje do: EF-2612-04 | Zaktualizować: EF-2612-04 linkuje tutaj";"Wymiana BSI? Dobierz moduł po numerze części i zaplanuj kodowanie w serwisie";"Evergreen; zimą więcej usterek elektroniki (wilgoć, słabe akumulatory)";"Ś (szac.)";"N (szac.)";"5";"P1 (wynik 4,4)";"Prawne/Merytoryczne: kodowanie i immobilizer tylko w serwisie";"1800–2500 słów; Article, BreadcrumbList, FAQPage";"[INTL] Perełka „francuska” z niską konkurencją. Procedurę resetu opisać ogólnie i ostrożnie (różni się między modelami)."
"EF-2701-05";"I 2027, tydz. 4–5 (ok. 27.01)";"K1 Świadomy zakup i dobór części";"Cluster";"Filtry; Układ hamulcowy > Klocki; Układ zapłonowy > Świece";"Podrabiane części samochodowe: jak rozpoznać podróbkę i kupić oryginał bezpiecznie";"Podróbki części samochodowych – jak rozpoznać oryginał";"podrabiane-czesci-samochodowe-jak-rozpoznac";"podrabiane części samochodowe";"jak rozpoznać oryginalną część | podróbki klocków hamulcowych | fałszywe filtry oleju | oryginalne opakowanie części | hologram na części | gdzie kupić oryginalne części";"Po czym poznać podrobioną część? | Które części są najczęściej podrabiane? | Czym grozi montaż podróbki? | Jak sprawdzić wiarygodność sprzedawcy? | Czy niska cena zawsze oznacza podróbkę?";"Informacyjna – poradnikowa / MOFU";"Poradnik + checklista zakupu; porównanie zdjęć oryginał vs podróbka (opcjonalnie z magazynu); FAQ";"Podrobiona część samochodowa | A: cechy (opakowanie, oznaczenia, jakość wykonania, cena), najczęściej podrabiane (filtry, klocki, świece, łożyska), ryzyka | Powiązane: część oryginalna, OEM, numer OE, hologram, autoryzowany dystrybutor, oceny sklepu";"Checklista 10 punktów przed zakupem; zdjęcia porównawcze (jeśli klient dostarczy); wiarygodność sklepu (Trusted Shops 4.83/5, do potwierdzenia) tylko w CTA";"https://www.eurofrance.pl/autoczesci/filtry/oleju.html → oryginalne filtry oleju | https://www.eurofrance.pl/autoczesci/uklad-hamulcowy/hamulce-tarczowe/klocki-hamulcowe.html → klocki hamulcowe | https://www.eurofrance.pl/autoczesci/silnik-i-osprzet/uklad-zaplonowy/swiece-iskrowe.html → świece zapłonowe";"Linkuje do: EF-2611-01, EF-2612-05 | Zaktualizować: EF-2611-01 linkuje tutaj";"Kupuj części z pewnego źródła: oryginalne części w EuroFrance (ocena klientów w Trusted Shops, do potwierdzenia)";"Evergreen; domknięcie pierwszej fazy K1";"Ś (szac.)";"Ś (szac.)";"4";"P2 (wynik 3,4)";"Bezpieczeństwo: podrobione elementy hamulców; Prawne: nie wskazywać konkretnych sprzedawców";"1800–2400 słów; Article, BreadcrumbList, FAQPage";"[INTL] Silnie wspiera zaufanie do marki. Bez straszenia i bez wskazywania konkurentów; fakty i checklista."
